Title,Price,Feature Image,Image URL 1,Image URL 2,Image URL 3,Image URL 4,Image URL 5,Image URL 6,Image URL 7,Image URL 1,Image URL 2,Image URL 3,Image URL 4,Image URL 5,Image URL 6,Image URL 1,Image URL 2,Image URL 3,Image URL 4,Image URL 5,Image URL 6,Image URL 7,Image URL 8,Image URL 9,Image URL 10,Image URL 11,Image URL 12,Image URL 13,Image URL 14,Image URL 15,Image URL 16,Image URL 17,Image URL 18,Image URL 19,Image URL 20,Image URL 21,Image URL 22,Image URL 23,Image URL 24,Image URL 25,Image URL 26,Image URL 27,Image URL 28,Image URL 29,Image URL 30,Image URL 31,Image URL 32,Image URL 33,Image URL 34,Image URL 35,Image URL 36,Image URL 37,Image URL 38,Image URL 39,Image URL 40,Image URL 41
"Men's A2 Pant
","$84.99
",//www.firsttactical.com/cdn/shop/products/114038-181-01_1800x1800.jpg?v=1669249382,//www.firsttactical.com/cdn/shop/products/114038-181-01_1800x1800.jpg?v=1669249382,//www.firsttactical.com/cdn/shop/products/114038-181-04_1800x1800.jpg?v=1669249382,//www.firsttactical.com/cdn/shop/products/114038-181-05_1800x1800.jpg?v=1669249382,//www.firsttactical.com/cdn/shop/products/114038-181-06_1800x1800.jpg?v=1669249382,//www.firsttactical.com/cdn/shop/products/114038-181-08_1800x1800.jpg?v=1669249382,//www.firsttactical.com/cdn/shop/products/114038-181-09_1800x1800.jpg?v=1669249382,//www.firsttactical.com/cdn/shop/products/114038-181-10_1800x1800.jpg?v=1669249382,//www.firsttactical.com/cdn/shop/products/114038-181-01_1800x1800.jpg?v=1669249382,//www.firsttactical.com/cdn/shop/products/114038-181-04_1800x1800.jpg?v=1669249382,//www.firsttactical.com/cdn/shop/products/114038-181-05_1800x1800.jpg?v=1669249382,//www.firsttactical.com/cdn/shop/products/114038-181-06_1800x1800.jpg?v=1669249382,//www.firsttactical.com/cdn/shop/products/114038-181-08_1800x1800.jpg?v=1669249382,//www.firsttactical.com/cdn/shop/products/114038-181-09_1800x1800.jpg?v=1669249382,//www.firsttactical.com/cdn/shop/products/114038-181-01_1800x1800.jpg?v=1669249382,//www.firsttactical.com/cdn/shop/products/114038-181-04_1800x1800.jpg?v=1669249382,//www.firsttactical.com/cdn/shop/products/114038-181-05_1800x1800.jpg?v=1669249382,//www.firsttactical.com/cdn/shop/products/114038-181-06_1800x1800.jpg?v=1669249382,//www.firsttactical.com/cdn/shop/products/114038-181-08_1800x1800.jpg?v=1669249382,//www.firsttactical.com/cdn/shop/products/114038-181-09_1800x1800.jpg?v=1669249382,//www.firsttactical.com/cdn/shop/products/114038-181-10_1800x1800.jpg?v=1669249382,,,,,,,,,,,,,,,,,,,,,,,,,,,,,,,,,,
"Men's V2 Tactical Pants
","$69.99
",//www.firsttactical.com/cdn/shop/products/114011-019-01_1800x1800.jpg?v=1654215897,//www.firsttactical.com/cdn/shop/products/114011-019-01_1800x1800.jpg?v=1654215897,//www.firsttactical.com/cdn/shop/products/114011-019-02_1800x1800.jpg?v=1654215897,//www.firsttactical.com/cdn/shop/products/114011-019-03_1800x1800.jpg?v=1654215896,//www.firsttactical.com/cdn/shop/products/114011-019-05_1800x1800.jpg?v=1654215897,//www.firsttactical.com/cdn/shop/products/114011-019-06_1800x1800.jpg?v=1654215897,//www.firsttactical.com/cdn/shop/products/114011-019-11_1800x1800.jpg?v=1654215898,,//www.firsttactical.com/cdn/shop/products/114011-019-01_1800x1800.jpg?v=1654215897,//www.firsttactical.com/cdn/shop/products/114011-019-02_1800x1800.jpg?v=1654215897,//www.firsttactical.com/cdn/shop/products/114011-019-03_1800x1800.jpg?v=1654215896,//www.firsttactical.com/cdn/shop/products/114011-019-05_1800x1800.jpg?v=1654215897,//www.firsttactical.com/cdn/shop/products/114011-019-06_1800x1800.jpg?v=1654215897,//www.firsttactical.com/cdn/shop/products/114011-019-11_1800x1800.jpg?v=1654215898,//www.firsttactical.com/cdn/shop/products/114011-019-01_1800x1800.jpg?v=1654215897,//www.firsttactical.com/cdn/shop/products/114011-019-02_1800x1800.jpg?v=1654215897,//www.firsttactical.com/cdn/shop/products/114011-019-03_1800x1800.jpg?v=1654215896,//www.firsttactical.com/cdn/shop/products/114011-019-05_1800x1800.jpg?v=1654215897,//www.firsttactical.com/cdn/shop/products/114011-019-06_1800x1800.jpg?v=1654215897,//www.firsttactical.com/cdn/shop/products/114011-019-11_1800x1800.jpg?v=1654215898,,,,,,,,,,,,,,,,,,,,,,,,,,,,,,,,,,,
"Men's A2 Short
","$74.99
",//www.firsttactical.com/cdn/shop/files/115007-036-01_1800x1800.jpg?v=1689020371,//www.firsttactical.com/cdn/shop/files/115007-036-01_1800x1800.jpg?v=1689020371,//www.firsttactical.com/cdn/shop/files/115007-036-02_1800x1800.jpg?v=1689020371,//www.firsttactical.com/cdn/shop/files/115007-036-03_1800x1800.jpg?v=1689022086,//www.firsttactical.com/cdn/shop/files/115007-036-04_1800x1800.jpg?v=1689022086,//www.firsttactical.com/cdn/shop/files/115007-036-05_1800x1800.jpg?v=1689022086,//www.firsttactical.com/cdn/shop/files/115007-036-08_1800x1800.jpg?v=1689022086,//www.firsttactical.com/cdn/shop/files/115007-036-09_1800x1800.jpg?v=1689022086,//www.firsttactical.com/cdn/shop/files/115007-036-01_1800x1800.jpg?v=1689020371,//www.firsttactical.com/cdn/shop/files/115007-036-02_1800x1800.jpg?v=1689020371,//www.firsttactical.com/cdn/shop/files/115007-036-03_1800x1800.jpg?v=1689022086,//www.firsttactical.com/cdn/shop/files/115007-036-04_1800x1800.jpg?v=1689022086,//www.firsttactical.com/cdn/shop/files/115007-036-05_1800x1800.jpg?v=1689022086,//www.firsttactical.com/cdn/shop/files/115007-036-08_1800x1800.jpg?v=1689022086,//www.firsttactical.com/cdn/shop/files/115007-036-01_1800x1800.jpg?v=1689020371,//www.firsttactical.com/cdn/shop/files/115007-036-02_1800x1800.jpg?v=1689020371,//www.firsttactical.com/cdn/shop/files/115007-036-03_1800x1800.jpg?v=1689022086,//www.firsttactical.com/cdn/shop/files/115007-036-04_1800x1800.jpg?v=1689022086,//www.firsttactical.com/cdn/shop/files/115007-036-05_1800x1800.jpg?v=1689022086,//www.firsttactical.com/cdn/shop/files/115007-036-08_1800x1800.jpg?v=1689022086,//www.firsttactical.com/cdn/shop/files/115007-036-09_1800x1800.jpg?v=1689022086,//www.firsttactical.com/cdn/shop/files/115007-019-01_1800x1800.jpg?v=1689023110,//www.firsttactical.com/cdn/shop/files/115007-019-02_1800x1800.jpg?v=1689023110,//www.firsttactical.com/cdn/shop/files/115007-019-03_1800x1800.jpg?v=1689023110,//www.firsttactical.com/cdn/shop/files/115007-019-04_1800x1800.jpg?v=1689023110,//www.firsttactical.com/cdn/shop/files/115007-019-05_1800x1800.jpg?v=1689023110,//www.firsttactical.com/cdn/shop/files/115007-019-06_1800x1800.jpg?v=1689023110,//www.firsttactical.com/cdn/shop/files/115007-019-07_1800x1800.jpg?v=1689023110,//www.firsttactical.com/cdn/shop/files/115007-055-01_1800x1800.jpg?v=1689023110,//www.firsttactical.com/cdn/shop/files/115007-055-02_1800x1800.jpg?v=1689023110,//www.firsttactical.com/cdn/shop/files/115007-055-03_1800x1800.jpg?v=1689023110,//www.firsttactical.com/cdn/shop/files/115007-055-04_1800x1800.jpg?v=1689023110,//www.firsttactical.com/cdn/shop/files/115007-055-06_1800x1800.jpg?v=1689023110,//www.firsttactical.com/cdn/shop/files/115007-055-05_1800x1800.jpg?v=1689023110,//www.firsttactical.com/cdn/shop/files/115007-181-01_1800x1800.jpg?v=1689024780,//www.firsttactical.com/cdn/shop/files/115007-181-02_1800x1800.jpg?v=1689024780,//www.firsttactical.com/cdn/shop/files/115007-181-03_1800x1800.jpg?v=1689024780,//www.firsttactical.com/cdn/shop/files/115007-181-04_1800x1800.jpg?v=1689024780,//www.firsttactical.com/cdn/shop/files/115007-181-08_1800x1800.jpg?v=1689024780,//www.firsttactical.com/cdn/shop/files/115007-181-07_1800x1800.jpg?v=1689024780,//www.firsttactical.com/cdn/shop/files/115007-181-06_1800x1800.jpg?v=1689024790,//www.firsttactical.com/cdn/shop/files/115007-830-01_1800x1800.jpg?v=1689024790,//www.firsttactical.com/cdn/shop/files/115007-830-02_1800x1800.jpg?v=1689025057,//www.firsttactical.com/cdn/shop/files/115007-830-03_1800x1800.jpg?v=1689025057,//www.firsttactical.com/cdn/shop/files/115007-830-04_1800x1800.jpg?v=1689025057,//www.firsttactical.com/cdn/shop/files/115007-830-06_1800x1800.jpg?v=1689025057,//www.firsttactical.com/cdn/shop/files/115007-830-05_1800x1800.jpg?v=1689025057,//www.firsttactical.com/cdn/shop/files/115007-830-07_1800x1800.jpg?v=1689025057,//www.firsttactical.com/cdn/shop/files/115007-729-01_1800x1800.jpg?v=1689025057,//www.firsttactical.com/cdn/shop/files/115007-729-02_1800x1800.jpg?v=1689025057,//www.firsttactical.com/cdn/shop/files/115007-729-03_1800x1800.jpg?v=1689025057,//www.firsttactical.com/cdn/shop/files/115007-729-04_1800x1800.jpg?v=1689025057,//www.firsttactical.com/cdn/shop/files/115007-729-05_1800x1800.jpg?v=1689025057,//www.firsttactical.com/cdn/shop/files/115007-729-06_1800x1800.jpg?v=1689025057,//www.firsttactical.com/cdn/shop/files/115007-729-07_1800x1800.jpg?v=1689025057
